name,bleu,rouge
llama,0.00469,0.11225
LEmodel_2,0.00455,0.13948
LEmodel_3,0.00154,0.12512
model1,0.00094,0.11745
model3,0.00088,0.11859
model2,0.00059,0.09223
